Metric,Value
Strategy Returns (%),110.04550158124368
Sharpe Ratio,0.6944522114890754
Win Rate (%),31.378865979381445
Maximum Drawdown (%),-29.44762598364753
Total Trades,37.0
Trade Days,37.0
